ИСТОЧНИК ИНФОРМАЦИИ: ;https://mooc.ru/company/neural-university/reviews
ОТЗЫВЫ О КОМПАНИИ: ;"
Отзывы о компании Университет искусственного интеллекта
"
ДАТА;АВТОР;ОТЗЫВ
17.06.2020;Ильдар;Прошел курсы по нейронным сетям некоторое время назад. Сильно был разочарован уровнем преподавания. Материал преподносится не профессионально, видно, что лектор сам плохо разбирается в теме. Код дз просто ужасен, видно, что его писал дилетант. Не рекомендую данное учебное заведение!
01.10.2021;Роман;"з своего опыта прохождения годового курса. Все по пунктам, которые озвучивает ведущий на промо-вэбинарах.
1. З/п 150 000 после курса. Ложь. После такого курса вы становитесь джуном-разработчиком и конкурируете с тысячами своих коллег, а самое главное, выпускниками профильных ВУЗов и зарплата по рынку для этого уровня составляет 50 000 р в среднем, но шансов найти работу после этого курса почти нет. Скилзов не хватает примерно на 80%, так как они обучают в основном нейронным сетям, помимо которых необходимо знать еще SQL, ML, Django, Flask, Hadoop и т. д. Можно перечислять долго, везде набор скиллов разный, но у вас на выходе их всего 20% от минимально требуемых. И так, первое заблуждение, в которое Вас заставляют поверить это 150 000, на самом деле 50 000 и с вероятностью найти работу менее 5%.
2. Удаленка. Я интенсивно занимался поиском работы после этого курса и посчитал, что примерно 70% компаний требуют либо постоянного либо полного присутствия в офисе. Удалена - ложь!
3. Гарантия работы. Очередная ложь. Они ее вам не найдут. Проверено опытом. Ни скиллов, ни опыта не хватает, что бы конкурировать с другими кандидатами. Они делают вид что ищут ее вам, но по факту идут месяцы, а результата нет.
4. Математику знать надо, программирование знать хоть немного, но надо, иначе будет крайне тяжело и вы просто бросите. Это четвертая ложь.
5. Качество обучения. Оно ужасно. Кураторы в поддержке имеют низкую квалификацию, люди оттуда постоянно уходят, текучка у них огромная. Все лучшие кураторы и преподаватели, чьи курсы в записи они продают, давно оттуда ушли. Сами курсы безбожно устарели, новые они не делают, не кому. 
6. Сервис. Отвратительный. Девушки в их учебной части постоянно все путают, открывают ни те уроки, закрывают оплаченные вами уроки, часто игнорируют, не отвечают, забывают вам ответить. 
7. Форма он-лайн обучения. Это очень тяжелая форма обучения. Обратной связи они не дают, пообщаться с кураторами нельзя либо в премиум пакете можно писать куратору и он ответит 1 раз в день и то кратно и вам ничем не поможет. В Инносполисе, например, с вами занимается наставник несколько раз в неделю по несколько часов.
8. Стоимость. Очень высокое за такое низкое качество. Они просто продают старые ролики. Сейчас государство оплачивает половину ИТ курсов по программе обучения ИТ специальностям любому гражданину РФ, но эти туда не попали, поэтому стоимость их устаревших курсов просто заоблачная."
07.09.2020;Elephantman96;"ДОСТОИНСТВА: цена НЕДОСТАТКИ: программа, преподавание, практические задания, ложный маркетинг, хамство Начнем с того, что отсутствие необходимости знать высшую математику и английский - это ложь. Их придется учить. Английский - потому что кроме keras используется ряд других библиотек, таких как pandas и seaborn, и документации на русском для них нет. Математику - потому что без нее не будет понятно даже то, как работает самый простой Dense слой. Кроме того, абсолютно необходимо усвоить принципы работы вспомогательных библиотек - без этого выполнение домашних заданий превращается в пытку. Пока вы будете это делать, вы безнадежно отстанете и администраторы курса будут регулярно пинать вас за это.   Материал никак не структурирован, полон ошибок и переписывается на ходу. Основной курс рассказывает Сергей Кузин, который якобы занимался разработкой системы навигации космических кораблей. Подтвердить эту информацию не удалось. Преподаватель нудно читает текст какого-то учебника. Код в примерах выглядит так, будто он либо никогда не программировал на Python, либо, что хуже, был начальником и никогда не подвергался кодревью. Все примеры кода - это нечитаемое индийское уродство, которое как будто специально написано так, чтобы раздуть объем как можно сильнее. Общим принципам написания нейронных сетей не учат (я о них вообще узнал позже из книги), учат повторять и подбирать решение наугад. Справочных материалов практически нет. Кураторы не помогают. Если студент что-то не понимает - его называют дебилом и посылают пересматривать двухчасовую лекцию. Домашние задания отвратительные. Вместо изолированных задач по конкретной теме даже на самом простом уровне заставляют писать десятистраничный модуль, зачастую требующий знаний, которые на лекции не даются. Полный запуск этого чудовища занимает 5-15 минут. Если что-то ломается и вам вообще непонятно, почему код не работает или работает недостаточно хорошо - ответа приходится ждать пару дней. Помощь с трудоустройством это отдельная песня. Создатели курса сотрудничают с рядом компаний, которые хотят нанимать разработчиков на зарплату в два-три раза ниже рыночной. Поэтому в конечном итоге учащиеся предпочитают искать работу сами.  В общем, это не курс, а пустая и унизительная трата времени и сил. За 10 часов занятий с книгой ""Deep Learning for Python"" я узнал больше, чем за полгода нудных лекций и бесплодных попыток разобраться в бессмысленных стандартных ошибках. "
04.06.2021;Дмитрий;"Прохожу обучение с августа 2020 года по программе ""Data Science, нейронные сети, машинное обучение и искусственный интеллект"". Думаю, что завершу курс в августе 2021. Впечатления в целом положительные, получил, то чего примерно ожидал и о своем решении поступить в УИИ не жалею. Моей главной целью было ознакомиться с компетенциями в области искусственного интеллекта и я это получил и уже начал применять в своей работе. Теперь о наверное самых злободневных вопросах: 1. Какой должен быть уровень подготовки для успешного прохождения курса? Я считаю, что, если Вы с информационными технологиями и программированием не на ТЫ, то Вам будет крайне тяжело на курсе и Вас может спасти разве-что большой талант, о котором Вы не знали. Поэтому, условно говоря, работягам, гуманитариям и представителям профессий не связанных плотно с ИТ рекомендую вначале попробовать свои силы в бесплатных курсах, например, по Python и проверить есть ли способности писать программы и работать с информацией. У меня с этим проблем нет, поскольку я окончил технический ВУЗ по специальности Выч. машины, комплексы, системы и сети, работаю в науке и в образовании в той же сфере, доктор технических наук). Следует отметить, что уровень прохождения курса интенсивный и домашняя работа забирает довольно солидную часть времени, чтобы подумать и поэкспериментировать. Поэтому из-за сильной занятости (работа, семья) не все успеваю и где-то делаю по минимуму (не потому, что не могу....). Что хорошо, есть возможность заморозить учебу на время, чем я неоднократно пользовался. 2. Как с трудоустройством? У меня такая задача не стоит, поскольку я загружен работой более чем... Я не исключаю, что эта тема может меня завлечь настолько, что я переключусь на работу в эту область со временем. В любом случае, все Ваши достижения в УИИ фиксируются в резюме и тут уж кто как себя проявит). То, что ИИ сейчас актуален - объективная реальность. 3. Дорого ли?... Как работник в сфере образования считаю, что для объема курса цена вполне адекватная... люди стараются, обрабатывают контент, преподносят его, придумывают задание, проверяют, учеба длится почти год.... Вот примерно, так)"
06.07.2021;Наталья;"В общем - курс понравился. Получила неплохие навыки работы с нейронными сетями. Преподаватели  объясняют материал достаточно подробно. 
Плюсы курса - большое количество практических заданий, разного уровня сложности, с разбором. 
Минусы - иногда формулировки заданий были ""кривые"", и не всегда кураторы в чате могли внятно объяснить суть заданий. 

В целом - обучением довольна. Учеба занимала довольно много времени, обычно все выходные и вечера в будни, но мне это было очень интересно :) Но если нет навыка в программировании, то скорее всего будет сложно начинать с нуля."
26.10.2020;Kerim90;"ДОСТОИНСТВА: заплатив, приходится учиться, отбивая затраты НЕДОСТАТКИ: низкое качество преподавания. кураторы ничего не делают Всё позитивные отзывы тут явно написаны самими менеджерами этого якобы Университета. Курс - разводилово на деньги для тех кто вообще ничего не шарит и повёлся на заманчивые перспективы крутых зарплат. Я уже имел опыт разработки и после первых нескольких лекций с их ноутбуками просто офигел - они сами кодить не умеют, и еще кого-то учить пытаются. Куча маркетинга и вранья. Начиная с названия - потому что никакой он не университет, а обычное ООО. В результате через пару месяцев уже сам более менее освоился в теме и стал находить нужные ресурсы, материалы и сообщества, всё больше убеждаясь что этот ""университет"" полностью оторван от реальности и живёт в каком-то своём отдельном мирке. Жаль потраченных денег "
03.06.2021;Тимур;С июля 2020 по май 2021 я проходил обучение в Университете искусственного интеллекта. Темой искусственного интеллекта заинтересовался еще в 2019, но знания из интернета и статей на эту тему, которые я пытался получить самостоятельно, были разрозненными, обрывочными и не складывались в общую картину. Одним словом, если пытаться разобраться в ИИ самому, ничего об этом ранее не зная, то скоро в голове будет хаос. Структурировать этот хаос, разложить все по полочкам и построить правильный процесс изучения Data Science, начиная с самых элементарных вещей, мне как раз помогли курсы Университета.  В процессе обучения я познакомился с основными подходами в разработке моделей нейронных сетей, а благодаря объемным домашним заданиям получил хороший практический опыт. Конечно, в рамках курса разбираются не все темы, например трансформеры и механизм внимания выходят за пределы курса, но я сильно сомневаюсь, что в 6-месячный курс получилось бы запихнуть все что есть в такой обширной сфере как Data Science. Главное, что на полученной в Университете базе мне легче дальше изучать и разбираться углубленно в интересующих меня вопросах. По самому процессу обучения никаких претензий у меня не возникло, на видеолекциях преподаватели разбирали темы достаточно подробно, при необходимости отвечали на вопросы прямо по ходу урока. Кураторская поддержка тоже порадовала скоростью ответа, несколько раз они мне хорошо помогли разобрать проблемные моменты. Учиться было сложно, но очень интересно. Считаю, что цена за курс вполне оправдана, и собираюсь дальше изучать углубленные курсы в Университете. Всем сомневающимся однозначно рекомендую. Авторам негативных отзывов, с которыми я предварительно ознакомился прежде чем писать здесь свой, хочется сказать следующее: в любом деле достижение результата на 90% зависит от вас, и только на 10% от внешних факторов. Невозможно стать мастером кунг-фу, не прилагая усилий, или прилагая половину усилий. Data Science, как и любая другая профессиональная область, не является исключением и требует полной отдачи ваших сил и времени. Желаю всем успехов в обучении и повышении уровня своего личного мастерства.
11.01.2021;Аноним3697802;"ДОСТОИНСТВА: нет НЕДОСТАТКИ: потерянное время, отношение к работникам как к грязи Реальная зарплата 11500 и никогда ее не превысит  Реальный рабочий день с 8 утра до 2 ночи (меня не волнует, ты сделай - обычная фраза начальника)  Угрозы и угнетение - норма  Все носят маски фальшивой позитивной атмосферы  Вроде не пирамида, но продукт компании очень сомнительный и всякая вера в него разрушется через 2 месяца работы внутри этого заведения  Я обязатльно вступлю в сообщество, которое пойдет против этой системы! "
27.05.2021;Андрей;"Здравствуйте!

Раньше я интересовался программированием, читал по программированию много разных книг. Но практики никакой. Поступил в Университет Искусственного Интелекта, (дальше УИИ), изначально для получения опыта в программировании, об искусственном интелекте не могло быть и речи, так как для меня эта тема была из области фантастики. Я даже не ожидал такого эффекта от обучения в УИИ. Поступил на курс, который сначала обучает программированию с нуля, и обучает искусственному интелекту тоже с нуля. Методика обучения выше всяких похвал:  на уроках демонстрируют полностью рабочий код, затем этот код раскладывают по полочкам до такой степени, что ""не захочешь - поймешь"". Но и самое не важное - ты понимаешь, что этим самым  создаешь мозги для машины, которая отвечает на       вопросы, выбирает нужное изображение, предсказывает и т.д. Со временем программирование ""отошло немного в сторону"", а основное внимание заняло основы понимания создания искусственного интелекта. Еще раз повторюсь, при таком подходе к обучению - тема искусственного интелекта зашла на Ура. Коммуникация с учебной частью, с кураторами - постоянно, есть вопрос - есть ответ. Бывают задержки, и я считаю, что это естественно - учатся люди со всех бывших республик СССР, встречал в чатах писавших людей из Европы. Но ответы приходят, и о Вас никто не забывает. Организационные вопросы решаются тоже быстро и качетвенно. Я сам из неспокойной территории Юго-Востока Украины, из Дебальцево, бывшей Донецкой области Украины, но даже при моих условиях я смог закончить обучение в УИИ и вскоре получить диплом, а все благодаря слаженной работе УИИ. 

Во время обучения студенты общаются в чате, и вот там знакомишься  с разными людьми, темы общения разные, но в основном о теме обучения. Встречаются люди которые очень компетентны в вопросах программирования и искусственного интелекта, читаешь и поражаешься их познаниями. Также о совершенствовании УИИ, директор, Дмитрий Романов, развивает свое детище постоянно и не стоит на месте. И все это общение создает атмосферу, в которой тебе хочется совершенствоваться, сделать что-то своими руками, хочется и себя как-то проявить. И вот для этого есть Дипломный проэкт, в котором я решил хоть немного показать, что я тоже что-то       умею. Я выбрал тему  игры  в карты с компьютером, своего рода какое-то взаимодейсвие человека и машины. До поступления в УИИ, я и понятия не имел, что такое может быть, и тем более что можно сделать своими руками. И результат - я играю в карты с компьютером! Обалдеть! Но всеравно для достижения мне потребовалось и трудолюбие, и усердие, и упертость и цель. При написании дипломного проекта было и не раз моменты когда хотелось все бросить, ведь тебя никто не заставляет этого делать. Но с проблемой ты один не остаешься - тебе помогает УИИ, постоянный опрос из учебной части - ""нужна ли консультация с куратором по дипломному проекту"", тебе назначают знающего человека на все время написания диплома и ты у него спрашиваешь в чате, так не понятно встречаешься в zoomе, но и прежде всего нужно это хотеть и добиваться самому. Ведь и при таких условиях бывает тупик, вроде бы все понимаешь, все рассказали, а вот не получается и тогда я делал паузу. И Вы не представляете, и я не представляю, но решение само приходит в голову и оно зачастую очень простое. Поэтому совет поступившим - не опускайте руки, не сдавайтесь. А когда Вы дойдете до конца Вы ""увидите победу"".Все трудности забываются, остается опыт - ведь опыт, сын ошибок трудных.

Дальше я хочу все свои полученные знания применить профессионально, вообще перепрофилироваться (это уже следующий дипломный проект, как это сделать, ведь все не так просто), и я не сомниваюсь, что в этом вопросе мне поможет как всегда ребята из Университета Искусственного Интелекта. 

Еще очень жалею, что обучение кончилось. Скажете :""Заново на другой курс поступи и учись"". Но мой ответ таков - нужно эти знания направить в профессиональное русло, а здесь как всегда чего-то не знаешь, и вот тут как во время обучения, спрашиваешь о своей трудности у куратора, точно также обращаешься в УИИ и я больше чем уверен, они будут рядом, они помогут.

Спасибо Вам всем кто работает в Университете Искусственного Интелекта, и Дмитрию Романову, который основал это учреждение и отрыл мне глаза на основы искусственного интелекта, Сергею Кузину - который проводил занятия, в которых он разжевывал нам тему за темой, Учебной части - нет проблем с организационной частью обучения, ребятам Кураторам, которые несут тяжкий груз объяснения и ответов на вопросы начинающим, да и еще со своим складом ума. 

Спасибо Вам!!! С уважением Андрей!!!"
25.04.2021;Николай;Остался доволен прохождением курса, хороший и отзывчивый коллектив педагогов, понятный лексикон и тематика образовательного процесса. Самое главное прохождение курса не отнимает личное время, когда удобно можно посвятить время на теорию и практику. Это очень современно и оставило только положительный эффект. Буду рекомендовать знакомым как лучший онлайн университет
21.04.2021;Александр;"Ещё на трёхдневном интенсиве Дмитрий Романов просто и доступно объяснил принципы и перспективы работы нейронных сетей и у меня сражу же развеялись все сомнения. Я ещё раньше интересовался этой темой, но если до интенсива просто читал статейки, то после понял - однозначно, это моё!
Сейчас даже интересно наблюдать, как начала менятся моя жизнь в процессе обучения. Шаг за шагом постигаются истины основных принципов написания кодов для нейросетей. Каждое домашнее задание воспринимается как маленькая победа над собой: иногда приходится долго разбираться что не так, но когда всё заработает - это неповторимое чувство :). Сейчас дошёл до векторной и матричной математики, потом будет теория вероятности... В школе и институте всё это было нудным и скучным, а сейчас в этом есть огромный смысл!
С моей точки зрения, курс выстроен очень грамотно! С нетерпением жду того момента, когда дойду до стадии написания дипломного проекта!"
15.05.2021;Катерина;"Окончила в Университете Искусственного Интеллекта курс «Data Science и нейронные сети на Python». После окончания курса сотрудники компании помогли с трудоустройством.
Курс очень насыщенный, были рассмотрены все основные задачи, решаемые при помощи нейронных сетей. В УИИ так же есть дополнительные курсы по углубленному  изучению конкретных тем.
Очень отзывчивый отдел по организации обучения и поддержки студентов. Всегда очень оперативно решали все возникающие у меня во время обучения вопросы.
Не могу сказать от лица тех у кого нет высшего технического или математического образования и тех кто не знает английского, а также нет опыта в программировании, но одно могу сказать точно - в обучении всё вышеперечисленное мне сильно пригодилось.
Выполнение домашних заданий, курсовой и написание диплома занимают реально много времени, а если много времени не уделять - обучение бесполезно. Так что если вы работаете, то записываясь на курс можете забыть про личное время - будет только работа и учеба.
В целом обучением я осталась довольна. По поводу трудоустройства - оно вполне реально, но тут нужно учитывать один момент, если вы разработчик с опытом и привыкли к большой заплате, то тут ждет разочарование в виде зарплаты уровня junior... так как весь вас предыдущий опыт учитываться не будет и вы просто будете соискателем без опыта работы.
Если вы студент технического вуза или только начинаете карьеру в IT, то курс именно для вас! В остальных же случаях нужно подумать о том на что вы готовы ради смены профессии."
30.03.2021;Лукоянов Михаил;Обучался с апреля 2020 по март 2021. Курсы интересные и полезные, кураторы — терпеливые и компетентные. Нет, в тайны нейро-гугл-закулисья и манипулирования мировым порядком вас не посвятят. А вот работать с нейронными сетями, вы за курс вполне можете научиться. После всех занятий, ваших знаний и умений вполне хватит для реализации любой идеи связанной с нейросетями и искусственным интеллектом. Мне всё понравилось, каких то проблем за год обучения не возникло. Особенно рекомендую тем кто уже нашел себе место в IT, навыки и способности полученные в процессе обучения, вы 100% найдете куда применить.
24.01.2021;Лис4113;"ДОСТОИНСТВА: Подробнее написал в отзыве. НЕДОСТАТКИ: Нет. Поделюсь своими ощущениями. Я сам учусь в Университете, поток Апрель light. Желание заняться изучением нейронных сетей было давно. Самостоятельное изучение данной темы, мне показалось, малоэффективно и трудозатратно. С радостью обнаружил возможность обучения, в Университете. Так как у меня нет возможности ездить в другой город, дистанционный вариант обучения, для меня очень подходит.    В результате увидел много плюсов. С одной стороны, новый удобный стандарт дистанционный стандарт обучения, с другой стороны приятные молодые преподаватели и кураторы, которые пытаются преподнести информацию в удобном для меня формате. Все лекции, на самом деле, проходят в онлайн режиме, есть возможность задать вопросы по ходу лекции и получить на них ответ. Это, очень круто! У меня лекции, ведет Сергей Кузин, ему отдельный респект! Все доходчиво объясняет. После каждой лекции, для закрепления материала дают домашнее задание, которое в свою очередь оценивают, что в свою очередь не позволяет расслабляться и серьезнее относиться к обучению. Домашние задания проверяют, на удивление достаточно быстро. Иногда, не успеваю с домашними заданиями, потому как тема действительно сложная и требует, тщательного разбора и концентрации внимания, над изучаемой темой. Приходит на помощь удобная опция, это круглосуточный чат, с поддержкой кураторов и быстрыми ответами. Когда сталкиваешься с затруднениями в понимании или решении домашнего задания, всегда можно обратиться за поддержкой в чат. Тема, обучения конечно, серьезная и предполагает и серьезный подход к учебе. Но думаю, сюда и идут, те кто намерен получать знания, в области создания нейронных сетей. Я бы рекомендовал, обучение в этом Университете, все кто интересуется новыми технологиями и нейронными сетями. Так как за этим направлением большое будущее, развитие нейронных сетей шагнуло далеко вперед, за последние несколько лет. "
12.10.2021;Ann;"Поступила в данный университет, так как хотела сменить сферу работы и попробовать для себя что-то новое. Нашла университет через рекламу в инстаграм и менеджер назначил презентацию. Обучение оказалось сложнее, чем ожидалось, приходится изучать много информации самостоятельно. В процессе возникало тысяча и один вопрос, с их решением помогали кураторы и, достаточно, быстро.  По окончанию курса написала диплом и защитила проект. 
По поводу трудоустройства, с этим Уии мне помогли и сменить профессию все-таки удалось!"
25.05.2021;Александр;"Прошел курсы ИИ с целью создать свою торговую систему а также в целом узнать больше о современом состоянии ИИ. В результате обучения основную цель достигнуть в целом удалось - сейчас пробую запустить систему на практике. Я брал курс с поддержкой куратора и был очень рад возможности консультироваться по сложным вопросам и по скайпу и в вотсапе в любое время.

Сейчас надеюсь, что полученный диплом УИИ станет отличным подспорьем при переезде в Лондон - финансовую столицу Европы, о чем мечтал очень давно."
20.04.2021;VitalM;"На данный момент отучился 2 месяца – и меня все устраивает. Устраивает форма преподавания, подача материала , организация занятий и способ решения заданий. Никто не говорил, что будет легко, поэтому иногда приходится искать какой-то дополнительный  учебный материал в качестве альтернативной точки зрения на определенную тему (в основном для решения более сложных заданий)... Но, это, как правило, идет только на пользу!
Насколько я успел заметить, старые лекции заменяются на более качественные и более подробные.Учебная платформа тоже обновляется в лучшую сторону.
При проверке домашних заданий очень помогает и мотивирует поддержка кураторов в  виде комментариев о проделанной работе!
В целом – университет предлагает отличную программу! У тех, кто действительно хочет учиться, непреодалимых трудностей в процессе обучения точно не возникнет!"
07.01.2021;crisall78;Так же учусь на курсе… ничего негативного не вижу. Есть лекции, есть задания, пройти далее после лекций можно решив два первых задания… из которых самое первое Ultra light решается почти полным копированием из лекции… но все равно без ПОДУМАТЬ не получится, что позволяет лучше осмыслить поданный материал… есть задачи которые без подсказки куратора не решить от слова совсем. потому что непонятно условие задачи…(то есть что именно имелось в виду) Но кураторы вполне адекватно и хорошо объясняют в чате …(это задание про производную). да и сам уже видя в общем чате вопросы сокурсников… по мере возможности помогаю им наталкивая на мысль как эта задача решается… и так далее… прокачивается и навык общения, умения задать нужный вопрос, и навык обращения с гуглом… когда ищешь в интернете похожие задачи и уже под себя их модифицируешь чтоб ответить на свою… В общем я перестал играть в игрушки от слова вообще… мне больше интересно чтоб мое домашнее задание на 10 баллов было оценено… В общем учиться нравится… Спасибо… для тех кто еще думает…начать или нет… я тоже был на этом распутье… я попросил телефон уже действующих студентов из моего города… и с ними пообщался спросил все что интересует… оказалось что и один из кураторов тоже живет в моем городе почти на соседней улице… уже после этого общения я на 90 процентов поверил что преподавание не пшик… пока прошел только четверть курса… сложные блоки по математике (ну не очень я ее любил в школе) но понимаю что без упорства, ничего не получится преодолеть в этой жизни… зато я теперь знаю что такое ДИСПЕРСИЯ и СРЕДНЕКВАДРАТИЧНОЕ ОТКЛОНЕНИЕ… :):)пришлось узнать:) … Всем удачи… в ГЛАВНОМ… :):):) 
12.12.2020;Вячеслав Вигель;Доброго времени суток, уважаемые читатели. Много писать нет смысла. Скажу просто. Курсы разработаны программистами. А это значит, что освящены необходимые тонкости и моменты. Не скажу что было просто. И семья, и работа, а тут еще и учеба. Но, оно того стоит! Я теперь воплощаю собственные планы по созданию роботов в жизнь! И этот курс стал для меня решающим толчком. Оказывается я все же могу! Больше всего лично я фанатею от GAN-ов. Это генеративно-состязательные нейронные сети (обучение с учителем). Ганы могут многое: от картин, до музыки. И это надо видеть - творчество машины. :) Это действительно нейронная магия какая-то! Благодарю университет, преподавателей, куратов. Вы -огонь! Я прикрепил снимок с одной из своих собственных наработок в области нейронных сетей. Это работа ГАНа. Справа исходное изображение, Слева исходное изображение, но уменьшенное в 4 раза. По центру изображение восстановленное GAN-ом. Обратите внимание на зрачок и сережку. Это дорисовала нейронная сеть! И вот что я теперь могу!  
21.11.2020;erikese;"ДОСТОИНСТВА: Возможность иметь несколько выполненных к концу обечения проектов. Упор в практику. Кругозор, что очень помогает найти подход к новой задаче. НЕДОСТАТКИ: Активный маркетинг привлекает в том числе слабых и ленивых. Нет первичного отбора студентов. Этот сайт постоянно удаляет мой отзыв! Обычно так делают с негативными отзывами, но тут явная борьба с хорошими ( наверное, так поднимают себе рейтинг.  ПОВТОРЯЮ ОТЗЫВ И НАСТАИВАЮ НА НЕМ!  Не слушайте неудачников! Университет дал мне и, уверен, другим, очень серьезную и широкую подготовку по всем основным направлениям использования нейросетей: временные ряды, звук, NLP, компьютерное зрение и тд...  Всегда есть те, кто учатся и читают доп литературу, статьи и смотрят лекции на ютубе. А есть те, кто ноют и считаю ""что их должны научить""...  Наша команда из 5 студентов, среди которых не было НИ ОДНОГО, программиста после 4х месяцев обучения стала призером всероссийского хакатона по AI. Но мы учились с 9 утра и до часу ночи! Делая ВСЕ домашние задания.  Мой опыт трудоустройства и участиях в хакатонах, будучи их студентом, показал, что они дают очень серьезную базу! "
04.03.2020;Жанна;На курсе были рассмотрены все основные задачи, решаемые при помощи нейронных сетей - компьютерное зрение, обработка текстов, распознавание речи и аудио-сигналов, прогнозирование временных рядов, генеративные сети для задач машинного творчества - изображения, текст, аудио, чат-боты. Думаю, что самостоятельно сделать такой обзор - это очень трудоемкая задача. А здесь вебинар каждую неделю по новой теме, консультация куратора + дополнительные занятия для группы для углубления темы. Консультации в чате, все материалы занятий доступны - записи, блокноты, базы данных. Обучение практико-ориентированное. Преподаватели курса в тренде развития искусственного интеллекта в мире. По объему предлагаемого материала для изучения этот курс вне конкуренции!
02.03.2020;Василий Гурьев;Что меня потрясло в этом курсе, так это объём материала. Мало его точно не будет! Придётся даже выбирать, во что погружаться глубже, а что пока оставить на базовом уровне. Такой выбор имеется и по участию в лабораториях, решающих конкретные задачи от партнёров университета (чем не стажировка!), или ведущие научные разработки университета. Кроме того, на моём потоке можно было выбрать уровень сложности заданий от самого лёгкого, позволяющем воспроизвести что-то похожее в похожей ситуации, до реализации целого проекта с постановкой задачи, поиском базы, моделированием и обучением собственной нейронной сети.
26.02.2020;Василий;"Совсем недавно решил углубиться в программирование и начал с бесплатных курсов по питону, математике и алгоритмам. В итоге понял, что самому разбираться долго и сложно, поэтому лучше пройти полный платный курс. Начал изучать рынок предоставляемых услуг и остановился на нескольких онлайн-школах. Пообщавшись с менеджерами которых, взвесив все за и против, выбрал Университет Искусственного Интеллекта. Мое направление называется Data Science, основа которого нейронные сети. Одно из преимуществ портала в том, что он не от крупных компаний и представляет собой образовательную лицензированную организацию. Основной уклон курса сделан на нейросетевое мышление, при максимальном изучении алгоритмов и нейросетевых задач. В окончании обучения я имел уже внушительное портфолио из выполненных практических заданий. Однозначно буду рекомендовать этот ресурс друзьям, родным и знакомым! Молодцы!"
16.11.2021;Asya;"не стоит даже думать про эти курсы.
ничего не дают.
самостоятельное обучение за деньги без поддержки и материалов."
29.03.2021;Ирина;Мне понравилось и обучение, и оперативность реагирования персонала организации на запросы. Среда способствует саморазвитию, экспериментам, генерации и реализации самых разных идей. Знаний достаточно для их практического применения в реальных условиях.
13.01.2021;Ильфат Канонин;Прохожу обучение, в этом Университете. Поток Апрель. Ощущения положительные. Современный стандарт обучения, в ногу со временем. Ребята стараются и видно подстраиваются под современные реалии жизни. Так как это не первое мое дистанционное обучение, могу с уверенностью сказать, что это небо и земля. Лекции, проходят в онлайн режиме, есть возможность получить ответы на вопросы в течении лекции. Выполнение домашних заданий, позволяет полностью погрузиться в среду нейронных сетей. Больше всего, приятно удивил, это круглосуточный чат поддержки. Даже не могу представить себе это процесс физически, но он работает исправно. Преподаватели современные молодые ребята, но честно говоря, я не могу себе представить себе другой формат, поскольку и тема обучения современная, молодая. Конечно, глубоко весь объем информации, посвященной созданию нейронный сетей сложно уложить в рамках курса. Но, основа отличная. Поэтому, всем желающим рекомендую учебу.
15.12.2020;Анастасия Духанина;Обучаюсь в универе с февраля, не просто, но очень увлекательно. Однозначно рекомендую ????
14.12.2020;Александра Бояркина-Витманн;Была на интенсивно по нейросеткам на прошлой неделе. Три дня. Написали 11 сеток. 2 дня занятия вёл основатель. Огонь!!! Всё понятно, когда человек знает что говорит и горит своим делом.
02.12.2020;Masta-dan;Учусь на курсе, остался месяц, уже сдал курсовую, делаю диплом. Просто офигенные ребята меня учат. Высшую математику в нужном объеме дают. Как Dense слой работает - рассказывают, и не только про него. Наш преподаватель Сергей Кузин просто бог преподавания. На ютубе смотрю другие ролики, так это совсем не то. Я уже такие штуки классные для работы сделал, например сведение вотермарок нейронкой. Также работаю над созданием анализатора качества работы менеджеров по продажам. Нейросети - это фантастика. Буду брать еще курсы. Всем рекомендую данный университет. Мой коммент не заказной, просто случайно набрел и пишу от чистого сердца. 
15.12.2019;emenshoff;"В один момент принял решение развиваться в теме нейронных сетей. Было несколько вариантов учебных программ и в итоге выбрал Нейронные сети на Python в Университете Искусственного Интеллекта. Понравилось то, что нет необходимости в математической базе. Хоть я и не новичок и уже работал в C++ и Python, но вспомнить линейную алгебру и статистику не помешало бы. Что и советую тем, кто только хочется записаться на этот курс. Сама школа новая, но программа построена грамотно, структурировано. Преподавательский состав молодой, но действующие практики, у них есть чему поучиться. Рассказывают не скучно, не так как университетские преподы. Лекции проходят в виде вебинаров, поэтому в ходе занятия можно задавать вопросы. А если все же что-то непонятно, то можно обратиться к наставнику. В целом, поставленной цели я достиг)))"
22.11.2021;Денис Бутко;Я пришел на курс, так как хотел погрузиться в нейронные сети и разобраться как же все таки они работают. С этой задачей курс мне помог справиться полностью. Конечно осталось еще много белых пятен, но они уже заполняются с практикой. Единственая вещь которая не зашла это монотонный голос ведущего. Не критично, но один раз я заснул) Стоит так же отметить что я решил пойти на полугодовой курс к этим же ребятам что бы углубиться в нейронные сети еще глубже.
17.11.2021;Kimmiadearu starix;Случайно наткнулся на рекламу Университета, и прошел бесплатный интенсив практикум. Хочу сказать, что он помог мне понять то, чему я хочу обучится. Ранее пробовал изучать Python самостоятельно, но бросил. Наверно потому что не было четкого понимая для чего мне это. А теперь точно знаю, где будет мое следующее обучение. Спасибо!
13.11.2021;Елизавета;После прохождения трёхдневного интенсива самостоятельно смогла создать нейронную сеть!!! Невероятно, что бесплатно дают такую полезную информацию! Самое главное, что вебинар понятен всем! От крутых айтишников до тех, кому просто стало любопытно. И это полностью заслуга его создателей, что смогли доступным языком все объяснить!
12.11.2021;Макртумян Руслан Исмаилович;Я прошел здесь курс «DATA-SCIENCE И НЕЙРОННЫЕ СЕТИ НА PYTHON” Сложно было с домашками, но интересно было выполнять задания, привязанные к жизни. Например, подсчет финансовых расходов за месяц. Первое время большинство заданий выполнял с помощью куратора, далее уже сам. Мое достижение это дипломная на тему “Оценка стоимости аренды квартиры по фотографиям”. Разработал нейронную сеть позволяющую оценить стоимость аренды квартиры по 2—3 фотографиям и параметрам жилищной площади. Ребята действительно помогают с трудоустройством! Сейчас прохожу стажировку!
28.10.2021;Дарья;Прохожу обучение в университете на курсе «Data-science и нейронные сети для новичков» тариф основной. Долго думала покупать или нет, даже после просмотра интенсивов, все таки цена не самая маленькая. Потом решилась и купила, это же вложение в будущее как никак. Обучение длится около семи месяцев, сейчас я уже прошла экватор можно сказать. Уже сейчас скажу, что мои ожидания оправдались на сто процентов. Спикеры все грамотные, свою тему знают отлично, кураторы помогают в решении проблем. Еще важный момент домашние задания проверяются, а то так бы фиг бы я их делала. Все таки хорошо, что рискнула и пошла сюда учиться, осваивать нейронные связи.
07.10.2021;Виктория Щербакова;Их нет!!!
21.01.2021;Василь;Проходил курс по нейросетям в данном университете в прошлом году. Выбрал для себя уровень Про, так как уже был опыт в программировании, тем не менее, дали дополнительно курс по питону и анализу данных, что очень порадовало. Очень удобно, что есть несколько уровней сложности домашних заданий. Материал подается в очень доступной форме и кураторы отвечают быстро. В общем, впечатления остались только положительные!
25.12.2020;Константин Илюхин;Всем привет! Принял участие в бесплатных ознакомительных вебинарах с 19 по 22 января 2021 г. по ИИ. Организация вебинаров на высшем уровне. Тема ИИ захватывающая! Докладчики рассказывают увлекательно, доходчиво. Правда, основатель УИИ так быстро говорит, что не все мысли успеваешь осознать. Видно, что человек увлечён своим делом на все 100О%. Стройте своё будущее с помощью Университета ИИ!!!
04.03.2020;Иван Иванов;"С 22 декабря 2020 г. посещал 3-х дневный курс по ИИ - ""Интенсив"". Интересная форма обучения - здесь не только презентация, но и показ, как это работает в ""живой"" системе. А самое главное, в курс обучения включены домашние задания. При этом слушатели не остаются один на один с достаточно сложным материалом домашних заданий, а для всех организована оперативная поддержка кураторами. В общем, процесс обучения выстроен на ""отлично"". За три дня курс дает возможность получить не только обзор достижений ИИ, а познакомиться с нейронными сетями, пощупать их, так сказать, ""изнутри"". Объем обучения курса уменьшать не следует. Сумбура нет. Материал упорядочен. Курс лично для меня был чрезвычайно важен с плане принятия решений по дальнейшему моему карьерному пути. Рекомендую. С УИИ продолжу взаимодействовать. Иван."
02.03.2020;Zhanna A;"ДОСТОИНСТВА: Современный подход. Широкий спектр задач. Сопровождение кураторов. НЕДОСТАТКИ: Высокая интенсивность обучения. Нужно много времени для проработки нового материала. Нужно рассчитать свое время для образования.Но это можно считать и плюсом. Я закончила учебный курс Нейронные сети на Python в этой организации. Кроме того, параллельно изучила курс Машинное обучение и Python для анализа данных. В планах изучить курс Python-разработчик, слышала об этом курсе отличные отзывы. Преимущество для участников курсов, что каждый последующий курс ты можешь приобрести с существенной скидкой. Обучение проходит через вебинары очно, потом их можно прослушать в записи - это очень удобно. Кроме того, поток курса разделяется на группы, для которых закрепляется куратор. Куратор всегда на связи через чат. Для группы проводятся дополнительные вебинары куратором. Вообщем погружение в обучение полное. Обучение интенсивное, порой непросто, потому что каждую неделю дается новая тема. Ее нужно отработать за неделю, выполнить домашнее задание. Кроме того, есть курсовая работа, диплом и устный экзамен. Все серьезно. Если действительно нужно стать специалистом по нейронным сетям или повысить свою квалификацию в этой области, то этот курс позволяет сделать быстрый старт как для новичков, так и получить актуальный опыт по этой тематике продвинутым специалистам. "
26.12.2020;PSYCODER;"ДОСТОИНСТВА: Организация курса. Преподаватели. НЕДОСТАТКИ: За полгода такой объём сложно проработать. Нейронные сети обучаются небыстро. Самым приятным удивлением для меня было - адаптивность программы этого курса. И я сейчас даже не про то, что университет ориентируется на запросы студентов каждого потока, так что в процессе обучения любой студент может решить актуальную производственную задачу. Меня порадовало, что программа постоянно совершенствовалась, так что в итоге я получил больше того, за что заплатил. В пользу окупаемости этого курса, при весьма демократичной цене, говорит и то, что университет не жадничает и охотно делится материалами, выходящими за пределы программы, открывая лекции со смежных курсов или из AI Community, где за символические деньги можно продолжать погружение в нейронные сети уже более специализированные и сложные. А прохождение курса в соответствие с парадигмой непрерывного образования ещё больше усиливает желание учится дальше. "
04.03.2020;Alexander Gold;"с 22 по 24 декабря я прошел интенсивный курс по нейронным сетям в https://www.facebook.com/Университет-искусственного-интеллекта-702492600151306/ Было очень интересно и познавательно-хотел бы там учиться. Всем рекомендую попробовать свои силы"
02.03.2020;Zhanna;"В этой школе я окончила несколько курсов по: нейронным сетям на Python; Python для анализа данных; машинному обучению; Python-разработчик. Почему так много? Потому что на каждый последующий курс дается хорошая скидка) Университет искусственного интеллекта выбирала по отзывам и не ошиблась. Обучение проходит в виде очных вебинаров. Причем позже можно скачать лекции в аудио формате, что удобно. Весь поток разделен на группы, к каждой приставляется куратор. С ним можно связаться через чат и задать интересующие вопросы. Само обучение интенсивное. Каждую неделю разбирается новая тема, по которой необходимо выполнить дз. В конце курса ждет дипломная и курсовая работы, устный экзамен. Я считаю, что программа подойдет не только новичкам, но и тем, кто уже имеет определенные знания."
20.01.2020;PSYCODER;"Самым приятным удивлением для меня было - адаптивность программы этого курса. То есть программа университета ориентирована под определенные запросы студентов. Так что любой в конце обучения получит необходимые знания, научиться решать задачи максимально приближенные к реальным. Меня порадовало, что программа постоянно совершенствовалась, так что в итоге я получил больше того, за что заплатил. Стоимость курса довольна демократичная, но есть и дешевле. Правда обучающая программа широкая, выходящая за пределы изначально заявленной. Например, открывая лекции со смежных курсов или из AI Community, за символические деньги можно продолжать погружение в нейронные сети уже более специализированно и углубленно. А прохождение курса в соответствие с парадигмой непрерывного образования ещё больше усиливает желание учиться дальше."
20.01.2020;SERGEY;"Закончил курс только недавно и могу с уверенностью его советовать. Правда, тем кто абсолютно не знаком с Python, рекомендую пройти базовый курс по этому языку программированию. Для новичков будет очень тяжело успевать и осилить в полной мере весь курс. Понравилось, что задачи в практических заданиях максимально приближенные к реальным. Если что-то не выходит, то можно обратиться за помощью к куратору. Кстати, он может помочь и с личным проектам. На потоке было много таких студентов. Особый респект за возможность выбора уровня сложности по дз: легкий, средний, тяжелый. То есть каждый может выбрать для себя наиболее оптимальный. Слышал, что практики очень мало. Но я не соглашусь, ее предостаточно. После каждой лекции давали несколько заданий, которые необходимо сделать до следующего урока."
01.06.2021;Аноним2875223;"ДОСТОИНСТВА: Формат преподавания Упор на практику Доступность материала Профессионализм преподавателей НЕДОСТАТКИ: нет Курс нейронные сети на Python является основным в Университете искусственного интеллекта. Курс базовый, поэтому если есть пробелы в математике или программировании, их легко закрыть во время обучения. Преодолевать возникающие трудности помогают кураторы, терпеливо и методично отвечают на все вопросы. Учиться нелегко, так как нужно успевать выполнять домашние задания, изучать дополнительные материалы, если хочешь на самом деле разобраться в нейронках. Огромным плюсом является то, что преподаватели являются практикующими разработчиками, и упор делается не на сухую теорию из учебников, а на применение полученных знаний в проектах. В конце курса нужно сдать курсовой и дипломный проект, сдать экзамен, так что это не диплом за деньги - это серьезное обучение. "
26.01.2020;Стекольщиков Максим;"Хороший курс для начинающих знакомство с нейронными сетями и планирующих делать карьеру в области искусственного интеллекта. Доступное изложение материала и удобная подача с элементами практики. В будущем хотелось бы больше услышать о библиотеке Tensorflow и разобрать нейронные сети более подробно. Желательно что бы к видео урокам были таймкоды и содержание для более удобной навигации в рамках урока. Эти уроки дополнили мои знания. Спасибо большое."
29.07.2019;Владимир Соболев;"Курс «Основы нейронных сетей на Питон» оказалcя на редкость полезным. Главное его преимущество – низкий порог вхождения. Освоить курс способен новичок. Не нужны глубокие знания языка программирования «Питон» и математики. Рассматриваемые задачи требуют большой объем вычислений, тяжелый для домашнего компьютера. Однако на курсах показано, как бесплатно арендовать на 12 часов виртуальную машину Google и в десятки раз сократить время счета. На курсе каждый может выбрать задачу по душе: распознавание, обработка изображений, текста и т. д. С каждым годом время человека дорожает, а машинное время дешевеет. Все больше профессий осваивает компьютер, например профессию водителя автомобиля. Этот курс – первый шаг в будущее."
15.09.2019;Антон Беляев;"Обучение на курсе «Основы нейронных сетей на Python» позволило мне получить качественную подготовку в области решения ряда практических задач искусственного интеллекта. Программа курса построена так, чтобы можно за разумный срок овладеть практическими навыками написания нейронных сетей на Python, создания сетей прямого распространения, создания сверточных и реккурентных нейронных сетей, создания автокодировщиков, создания deep learning нейронных сетей, решения задач классификации, распознавания образов и регрессии, решения задач обработки изображений и видео, обработки естественного языка, решения задач предсказания временных рядов и поиска выбросов. Важнейшим пунктом содержания программы является обучение тестированию качества обучения нейронных сетей. Для обучения была выбрана очень удобная платформа Google Colaboratory и наиболее качественный инструмент создания нейронных сетей – язык программирования Python. Это позволило, не отвлекаясь на вспомогательные вопросы, целиком сосредоточиться на построении нейронных сетей для решения указанных выше задач и ознакомиться с библиотекой Keras, работающей поверх Theano и Tensorflow, а также ознакомиться с визуализацией данных средствами Python. Важнейшим положительным решением в организации курса явилось создание участниками курса профиля на сайте kaggle.com, участие в соревнованиях на котором высоко ценится работодателями и специалистами в области машинного обучения и Data Science. Выражаю благодарность преподавателям курса – Андрею Созыкину, который вел вебинары курса, и Анатолию Бобе, куратору группы. Андрей Созыкин очень компактно излагал материал, были подготовлены отличные презентации. Немаловажным моментом была демонстрация решения задач с помощью ноутбуков Google Colaboratory. Анатолий Бобе очень оперативно проверял выполненные задания, давал рекомендации по Улучшению качества решений и предложить пути решения возникавших сложностей, а на занятиях группы старался дать дополнительную информацию по рассмотренной на вебинаре теме. Очень правильным решением является выдача выпускнику качественного сертификата и отзыва об участнике курса. Это говорит об особенности обучения в Университете искусственного интеллекта – максимальной помощи в трудоустройстве выпускника курса. Благодарю также сотрудников Университета искусственного интеллекта Елену Яковлеву, Антонину Белоусову, Александру Сувалкину за оперативно предоставляемую исчерпывающую информацию и качественное решение организационных вопросов."
16.01.2020;Александр;Уровень организации Учебного Процесса сравним с уровнем ведения бизнеса крупных корпораций. Четко поставленные задачи, ясные и доступные критерии оценки. Объём преподаваниях знаний позволяем не только строить стратегию собственного развития как профессионала, но и непосредственно преступить к решению рабочих кейсов в составе рабочей группы.
16.01.2020;S.Loktev;"Окончил год назад в Университете Искусственного Интеллекта курс «Data Sсience и Нейронные Сети на Python». Было одновременно интересно и сложно. В сумме выполнил около 20 дз по питону, а в заключении успешно сделал курсовую работу и дипломную. Озвучу, что весь курс рассчитан именно на практическую часть, а не теоретическую. Что в итоге позволило освоить: нейронные сети на базе библиотеки keras; классические алгоритмы машинного обучения и подготовка данных; основные понятия о scikit-learn, tensorflow и pytorch. Приятным бонусом стало получение диплома, который в последствие помог устроиться на высокооплачиваемую работу. Учитывая все плюсы и минусы могу смело рекомендовать школу!"
14.02.2020;Виталий;"Данное заведение - это просто ужас. Каждое слово ложь, здесь она вообще повсюду. Если у Вас куча свободного времени, нервов и лишних денег, то конечно можно обратиться к ним, но я бы крайне не рекомендовал! Курсы программирования у них уж точно не для новичков. Программа не структурирована. Вообще возникает ощущение, что они ее корректируют прям в процессе обучения. Причем на первом же занятии нам дали полотно кода. Учитель (Дмитрий Роман) больше похож на ведущего. Видно, что он просто получает кайф от себя самого, своего монолога, желания обучить других у него явно нет! Организаторы - отдельная тема. Кажется они не понимают, как должен выглядеть учебный процесс. Одним словом лохотрон под названием УНИВЕРСИТЕТ ИСКУССТВЕННОГО ИНТЕЛЛЕКТА) Но ложь реально красивая, этого у них не отнять, рассказывать красиво умеют. По факту говорят одно, а на деле все иначе. С технической точки зрения все также плохо: программа, звук, видео, связь ужасные! Не связывайтесь с ними ни в коем случае, поверьте мне."
14.02.2020;Евгений;"Об этом а-ля университете могу сказать одно - врут и не краснеют, в особенности его владелец Дмитрий Романов. Как позже оказалось вовсе и не владеет им. Я решил подробнее ознакомиться с данной конторой, хорошо что вся информация есть в свободном доступе. Так вот, статуса университета у них нет - они являются обычным ООО. Директор на дне открытых дверей доказывает, что их организация выдает диплом установленного образца для ВУЗов, но и это чистое вранье. Он даже показывает лицензию, но зайдя на сайт оказалось, что она недействительная и выдана ООО «Учебный центр карьерного развития». Когда я написал им об этом, то инфу по этой теме они молча удалили с сайта. Далее Романов уверяет, что на рынке образовательных услуг они уже больше года. Но по факту зарегистрированы 7 месяцев назад, адрес регистрации также сомнительный. По нему числится еще 8 разных компаний. Кстати, лицо на кого оформлена организация вовсе не он, а судя по всему брат. А количество сотрудников составляет 2 человека, не трудно понять кто именно) В общем все его слова чистое вранье и делить их стоит не на 10, а даже на 100!"
14.02.2020;Николай88;"Обучение полностью оправдало мои ожидания. Так как разработка исходников разных алгоритмов нейронных сетей проходит с уклоном на практическое самостоятельное изучение. А не просто внесение небольших изменений в уже существующие. При этом информация запоминается гораздо быстрее. Теорию преподают профессионалы своего дела, все структурировано и качественно. Особенно понравилось курсовая и дипломная работы, есть над чем подумать. Были моменты, когда было сложно, непонятно и не получалось, но кураторы помогли справиться с проблемой. Благодаря курсу понял, как работает система изнутри! Единственный минус, что программа больше рассчитана на тех, у кого уже есть хоть какие-то знания в этой области. Новичкам будет очень тяжело разобраться."
14.02.2020;Dmitry;"Изначально сильно сомневался, что данные курсы помогут мне решить появившуюся сложную задачу. Но буквально через 1-2 занятия сомнения исчезли. Дополнительно узнал много новой и актуальной информации. Моя профессия связана с математическим аппаратом, но было желание освоить сверточные сети. Но, как это бывает, то нет времени, сил или денег. А тут все совпало благоприятно и решил изучать материал не в одиночестве. Занятия проходили дважды в неделю с обязательным практическим заданием после. В итоге я не только в последствие решил свою задачу, но и узнал много нового. Ни разу не пожалел о своем решении!"
